{"stat.chestOpened":1,"stat.walkOneCm":63303,"stat.useItem.minecraft.torch":5,"achievement.openInventory":1,"stat.leaveGame":8,"stat.pickup.minecraft.arrow":814,"stat.useItem.minecraft.cobblestone":36,"stat.dispenserInspected":4,"stat.flyOneCm":29300,"stat.jump":76,"stat.playOneMinute":19223,"stat.pickup.minecraft.torch":3,"stat.useItem.minecraft.redstone":2,"stat.sneakTime":21,"stat.pickup.minecraft.redstone":2,"stat.timeSinceDeath":19223,"stat.sprintOneCm":485,"stat.useItem.minecraft.stone_slab2":23,"achievement.exploreAllBiomes":{"value":0,"progress":["Plains"]}}