{"stat.chestOpened":5,"stat.walkOneCm":348015,"stat.useItem.minecraft.torch":89,"achievement.openInventory":31,"stat.pickup.minecraft.redstone_torch":51,"stat.pickup.minecraft.repeater":1,"stat.leaveGame":1,"stat.pickup.minecraft.arrow":45,"stat.killEntity.Slime":1,"stat.damageTaken":260,"stat.useItem.minecraft.cobblestone":6,"stat.dispenserInspected":13,"stat.mobKills":1,"stat.pickup.minecraft.cobblestone":1,"stat.flyOneCm":132735,"stat.deaths":1,"stat.jump":265,"stat.playOneMinute":104631,"stat.fallOneCm":422,"stat.pickup.minecraft.torch":13,"stat.pickup.minecraft.glowstone":1,"stat.useItem.minecraft.redstone":205,"stat.sneakTime":373,"stat.pickup.minecraft.slime_ball":1,"stat.damageDealt":40,"stat.pickup.minecraft.redstone":43,"stat.crouchOneCm":214,"stat.timeSinceDeath":716,"stat.pickup.minecraft.stone_slab":1,"stat.pickup.minecraft.dispenser":1,"stat.sprintOneCm":982,"stat.useItem.minecraft.stone_slab2":2061,"stat.useItem.minecraft.redstone_ore":70,"achievement.exploreAllBiomes":{"value":0,"progress":["Plains"]},"stat.pickup.minecraft.chest":1}